Abbreviation	Charge
1-KETO-2-METHYLVALERATE_p	-1
1-L-MYO-INOSITOL-1-P_c	-2
10-FORMYL-THF_c	-2
10-FORMYL-THF_p	-2
2-3-DIHYDRODIPICOLINATE_p	-2
2-ACETO-2-HYDROXY-BUTYRATE_p	-1
2-ACETO-LACTATE_p	-1
2-D-THREO-HYDROXY-3-CARBOXY-ISOCAPROATE_p	-2
2-Hexadecenoyl-ACPs_p	0
2-KETO-3-METHYL-VALERATE_p	-1
2-KETO-ISOVALERATE_p	-1
2-KETOGLUTARATE_c	-2
2-KETOGLUTARATE_m	-2
2-KETOGLUTARATE_p	-2
2-KETOGLUTARATE_x	-2
2-Octenoyl-ACPs_p	0
2-OXOBUTANOATE_p	-1
2-PG_c	-3
2-PG_p	-3
2K-4CH3-PENTANOATE_p	-1
3-CARBOXY-3-HYDROXY-ISOCAPROATE_p	-2
3-DEHYDRO-SHIKIMATE_p	-2
3-DEOXY-D-ARABINO-HEPTULOSONATE-7-P_p	-3
3-ENOLPYRUVYL-SHIKIMATE-5P_p	-4
3-Hydroxy-octanoyl-ACPs_p	0
3-oxo-decanoyl-ACPs_p	0
3-oxo-dodecanoyl-ACPs_p	0
3-oxo-hexanoyl-ACPs_p	0
3-oxo-myristoyl-ACPs_p	0
3-Oxo-octanoyl-ACPs_p	0
3-oxo-palmitoyl-ACPs_p	0
3-P-HYDROXYPYRUVATE_p	-3
3-P-SERINE_p	-2
4-AMINO-BUTYRATE_c	0
4-AMINO-BUTYRATE_m	0
5-10-METHENYL-THF_c	-1
5-METHYL-THF_c	-2
5-METHYL-THF_p	-2
aADP_c	-2
aADP_m	-2
aADP_p	-2
aATP_c	-3
aATP_m	-3
aATP_p	-3
aATP_x	-3
ACET_c	-1
ACET_m	-1
ACET_p	-1
ACET_x	-1
ACETALD_c	0
ACETALD_m	0
Acetoacetyl-ACPs_p	0
ACETYL-COA_m	-4
ACETYL-COA_p	-4
ACETYL-COA_x	-4
ACETYL-GLU_p	-2
ACETYLSERINE_p	0
aCIT_v	-2
ACP_p	0
ADENYLOSUCC_p	-4
ADP_c	-3
ADP_m	-3
ADP_p	-3
ADP-D-GLUCOSE_p	-2
aGDP_c	-2
aGDP_m	-2
aGDP_p	-2
aGTP_c	-3
aGTP_m	-3
aGTP_p	-3
bHISTIDINAL_p	1
AICAR_p	-2
ALA-tRNAs_c	-2
aMAL_b	-1
aMAL_v	-1
AMMONIUM_c	1
AMMONIUM_m	1
AMMONIUM_p	1
AMP_c	-2
AMP_m	-2
AMP_p	-2
AMP_x	-2
aPi_c	-1
aPi_x	-1
aPPI_c	-2
aPPI_x	-2
aPRPP_p	-4
APS_p	-2
ARG_c	1
ARG_m	1
ARG-tRNAs_c	-2
asCIT_b	-2
ASCORBATE_p	-1
asMAL_b	-1
ASN_c	0
ASN-tRNAs_c	-2
aSO3_p	-1
ASP-tRNAs_c	-2
asSUC_b	-1
ATP_c	-4
ATP_m	-4
ATP_p	-4
ATP_x	-4
aUDP_c	-2
aUTP_c	-3
Beta-3-hydroxybutyryl-ACPs_p	0
Beta-hydroxydecanoyl-ACPs_p	0
bPPI_p	-4
Butanoyl-ACPs_p	0
Ca_b	2
CA+2_c	2
CA+2_v	2
CARBAMOYL-P_p	-2
CARBON-DIOXIDE_c	0
CARBON-DIOXIDE_m	0
CARBON-DIOXIDE_p	0
Cellulose_b	0
CELLULOSE_c	0
Charged-ALA-tRNAs_c	0
Charged-ARG-tRNAs_c	1
Charged-ASN-tRNAs_c	0
Charged-ASP-tRNAs_c	-1
Charged-GLN-tRNAs_c	0
Charged-GLT-tRNAs_c	-1
Charged-GLY-tRNAs_c	0
Charged-HIS-tRNAs_c	0
Charged-ILE-tRNAs_c	0
Charged-LEU-tRNAs_c	0
Charged-LYS-tRNAs_c	1
Charged-MET-tRNAs_c	0
Charged-PHE-tRNAs_c	0
Charged-SER-tRNAs_c	0
Charged-THR-tRNAs_c	0
Charged-TYR-tRNAs_c	0
Charged-VAL-tRNAs_c	0
CHORISMATE_p	-2
CIS-ACONITATE_c	-3
CIS-ACONITATE_m	-3
CIT_c	-3
CIT_m	-3
CIT_v	-3
CIT_x	-3
CO-A_m	-4
CO-A_p	-4
CO-A_x	-4
CONIFERYL-ALCOHOL_c	0
CPD-1777_c	0
CPD-2961_c	-3
CPD-2961_p	-3
CPD-318_p	0
CPD-469_p	-1
CPD-510_c	-3
CPD-659_p	-1
CPD-67_p	-3
CPD-7100_p	-2
CPD-9451_p	-2
Crotonyl-ACPs_p	0
CYS_p	0
Cytochromes-C-Oxidized_m	3
Cytochromes-C-Reduced_m	2
D-6-P-GLUCONO-DELTA-LACTONE_c	-2
D-6-P-GLUCONO-DELTA-LACTONE_p	-2
D-ERYTHRO-IMIDAZOLE-GLYCEROL-P_p	-2
D-LACTATE_c	-1
D-RIBULOSE-15-P2_p	-4
D-SEDOHEPTULOSE-1-7-P2_p	-4
D-SEDOHEPTULOSE-7-P_p	-2
Decanoyl-ACPs_p	0
DEHYDROQUINATE_p	-1
DELTA1-PIPERIDEINE-2-6-DICARBOXYLATE_p	-2
DIHYDROXY-ACETONE-PHOSPHATE_c	-2
DIHYDROXY-ACETONE-PHOSPHATE_p	-2
DIOH-ISOVALERATE_p	-1
Dodec-2-enoyl-ACPs_p	0
Dodecanoyl-ACPs_p	0
DPG_c	-4
DPG_p	-4
ERYTHROSE-4P_p	-2
ETOH_c	0
FattyAcid_b	0
FE+2_c	2
FE+3_c	3
FORMATE_c	-1
FORMATE_m	-1
FORMATE_p	-1
FRU_c	0
FRU_v	0
FRUCTOSE-16-DIPHOSPHATE_c	-4
FRUCTOSE-16-DIPHOSPHATE_p	-4
FRUCTOSE-6P_c	-2
FRUCTOSE-6P_p	-2
FUM_c	-2
FUM_m	-2
FUM_p	-2
FUM_v	-2
G3P_c	-3
G3P_p	-3
GAP_c	-2
GAP_p	-2
GDP_c	-3
GDP_m	-3
GDP_p	-3
GDP-D-GLUCOSE_c	-2
GDP-MANNOSE_c	-2
GLC_c	0
GLC_p	0
GLC_v	0
GLC-1-P_c	-2
GLC-1-P_p	-2
GLC-6-P_c	-2
GLC-6-P_p	-2
GLN_c	0
GLN_m	0
GLN_p	0
GLN-tRNAs_c	-2
GLT_c	-1
GLT_m	-1
GLT_p	-1
GLT_x	-1
GLT-tRNAs_c	-2
GLUCURONATE_c	-1
GLUTATHIONE_p	-1
GLY_c	0
GLY_m	0
GLY_p	0
GLY_x	0
GLY-tRNAs_c	-2
GLYCERATE_c	-1
GLYCERATE_p	-1
GLYCERATE_x	-1
GLYCEROL-3P_c	-2
GlycerolP_b	-2
GLYCOLLATE_c	-1
GLYCOLLATE_p	-1
GLYCOLLATE_x	-1
GLYOX_x	-1
GTP_c	-4
GTP_m	-4
GTP_p	-4
HCO3_c	-1
HCO3_p	-1
Hex-2-enoyl-ACPs_p	0
Hexanoyl-ACPs_p	0
HIS_c	0
HIS_m	0
HIS_p	0
HIS-tRNAs_c	-2
HISTIDINAL_p	0
HISTIDINOL_p	1
HOMO-CYS_c	0
HOMO-CYS_p	0
HOMO-SER_p	0
HS_p	-1
HYDROGEN-PEROXIDE_c	0
HYDROGEN-PEROXIDE_p	0
HYDROGEN-PEROXIDE_x	0
ILE_c	0
ILE_p	0
ILE-tRNAs_c	-2
IMIDAZOLE-ACETOL-P_p	-2
IMP_p	-2
K_b	1
K+_c	1
K+_v	1
L-ALPHA-ALANINE_c	0
L-ALPHA-ALANINE_m	0
L-ALPHA-ALANINE_x	0
L-ARGININO-SUCCINATE_c	-1
L-ASPARTATE_c	-1
L-ASPARTATE_m	-1
L-ASPARTATE_p	-1
L-ASPARTATE_x	-1
L-ASPARTATE-SEMIALDEHYDE_p	0
L-BETA-ASPARTYL-P_p	-2
L-CITRULLINE_c	0
L-CITRULLINE_m	0
L-CITRULLINE_p	0
L-CYSTATHIONINE_p	0
L-DEHYDRO-ASCORBATE_p	-1
L-DELTA1-PYRROLINE_5-CARBOXYLATE_m	-1
L-GLUTAMATE_GAMMA-SEMIALDEHYDE_m	0
L-HISTIDINOL-P_p	-1
L-ORNITHINE_c	1
L-ORNITHINE_m	1
L-ORNITHINE_p	1
LEU_c	0
LEU_p	0
LEU-tRNAs_c	-2
LL-DIAMINOPIMELATE_p	0
LYS_c	1
LYS_m	1
LYS_p	1
LYS-tRNAs_c	-2
MAL_c	-2
MAL_m	-2
MAL_p	-2
MAL_v	-2
MAL_x	-2
MALONYL-ACP_p	-1
MALONYL-COA_p	-5
MALTOSE_p	0
MANNOSE-1P_c	-2
MESO-DIAMINOPIMELATE_p	0
MET_c	0
MET_p	0
MET-tRNAs_c	-2
METHYLENE-THF_c	-2
METHYLENE-THF_m	-2
METHYLENE-THF_p	-2
MGII_b	2
MGII_e	2
MG+2_c	2
MG+2_v	2
MYO-INOSITOL_c	0
Myristoyl-ACPs_p	0
N-ACETYL-GLUTAMYL-P_p	-3
N-ALPHA-ACETYLORNITHINE_p	0
NAD_c	-1
NAD_m	-1
NAD_p	-1
NAD_x	-1
NADH_c	-2
NADH_m	-2
NADH_p	-2
NADH_x	-2
NADP_c	-3
NADP_m	-3
NADP_p	-3
NADPH_c	-4
NADPH_m	-4
NADPH_p	-4
NITRATE_c	-1
NITRATE_v	-1
O-PHOSPHO-L-HOMOSERINE_p	-2
Octanoyl-ACPs_p	0
OH-PYR_x	-1
OXALACETIC_ACID_c	-2
OXALACETIC_ACID_m	-2
OXALACETIC_ACID_p	-2
OXALACETIC_ACID_x	-2
Oxidized-ferredoxins_p	2
Oxidized-Ferroproteins_m	3
OXIDIZED-GLUTATHIONE_p	-2
Oxidized-Plastocyanins_p	2
OXYGEN-MOLECULE_c	0
OXYGEN-MOLECULE_m	0
OXYGEN-MOLECULE_p	0
OXYGEN-MOLECULE_x	0
P-HYDROXY-PHENYLPYRUVATE_p	-1
pALA_b	0
PALMITATE_c	-1
PALMITATE_p	-1
Palmitoyl-ACPs_p	0
pARG_b	1
pASN_b	0
pASP_b	-1
pGLN_b	0
pGLU_b	-1
pGLY_b	0
PHE_c	0
PHE_p	0
PHE-tRNAs_c	-2
pHIS_b	0
PHOSPHO-ENOL-PYRUVATE_c	-3
PHOSPHO-ENOL-PYRUVATE_p	-3
PHOSPHORIBOSYL-AMP_p	-4
PHOSPHORIBOSYL-ATP_p	-6
PHOSPHORIBOSYL-FORMAMIDO-CARBOXAMIDE_p	-2
PHOSPHORIBOSYL-FORMIMINO-AICAR-P_p	-4
PHOSPHORIBULOSYL-FORMIMINO-AICAR-P_p	-4
Photon_p	0
Pi_c	-2
Pi_m	-2
Pi_p	-2
Pi_x	-2
pILE_b	0
Plastocyanin-Reduced_p	1
PLASTOQUINOL-1_p	0
PLASTOQUINONE_p	0
pLEU_b	0
pLYS_b	1
pMET_b	0
pPHE_b	0
PPI_c	-3
PPI_p	-3
PPI_x	-3
PREPHENATE_p	-2
PRO_c	0
PRO_m	0
Protein-polymerisation-cost_c	0
Protein-processing-cost_c	0
Protein-tranlocation-cost_c	0
PROTON_v	1
PROTON_c	1
PROTON_m	1
PROTON_p	1
PROTON_x	1
PROTON_i	1
PROTON_l	1
PROTON_e	1
PRPP_p	-5
pSER_b	0
pTHR_b	0
pTYR_b	0
Pumped-PROTON_c	1
Pumped-PROTON_m	1
Pumped-PROTON_p	1
Pumped-PROTON_v	1
pVAL_b	0
PYRUVATE_c	-1
PYRUVATE_m	-1
PYRUVATE_p	-1
PYRUVATE_x	-1
R-3-hydroxydodecanoyl-ACPs_p	0
R-3-hydroxyhexanoyl-ACPs_p	0
R-3-hydroxymyristoyl-ACPs_p	0
R-3-Hydroxypalmitoyl-ACPs_p	0
Reduced-ferredoxins_p	1
Reduced-Ferroproteins_m	2
RIBOSE-5P_p	-2
RIBULOSE-5P_c	-2
RIBULOSE-5P_p	-2
sALA_b	0
sASP_b	-1
sCIT_b	-3
SER_c	0
SER_m	0
SER_p	0
SER_x	0
SER-tRNAs_c	-2
sFUM_b	-2
sGABA_b	0
sGLN_b	0
sGLU_b	-1
SHIKIMATE_p	-1
SHIKIMATE-5P_p	-3
sMAL_b	-2
SO3_p	-2
sSUC_b	-2
sSUCROSE_b	0
Starch_b	0
STARCH_p	0
SUC_c	-2
SUC_m	-2
SUC_x	-2
SUC-COA_m	-5
SUCC-S-ALD_m	-1
SUCROSE_c	0
SUCROSE_v	0
SUCROSE-6P_c	-2
SULFATE_c	-2
SULFATE_m	-2
SULFATE_p	-2
SUPER-OXIDE_c	-1
SUPER-OXIDE_p	-1
Tetradec-2-enoyl-ACPs_p	0
THF_c	-2
THF_m	-2
THF_p	-2
THR_c	0
THR_p	0
THR_v	0
THR-tRNAs_c	-2
THREO-DS-ISO-CITRATE_c	-3
THREO-DS-ISO-CITRATE_m	-3
THREO-DS-ISO-CITRATE_x	-3
Trans-D2-decenoyl-ACPs_p	0
TYR_c	0
TYR_p	0
TYR-tRNAs_c	-2
UBIQUINOL_c	0
UBIQUINOL_m	0
UBIQUINONE_c	0
UBIQUINONE_m	0
UDP_c	-3
UDP-D-XYLOSE_c	-2
UDP-GLUCOSE_c	-2
UDP-GLUCURONATE_c	-3
UTP_c	-4
VAL_c	0
VAL_p	0
VAL-tRNAs_c	-2
WATER_c	0
WATER_m	0
WATER_p	0
WATER_x	0
X_Ca_t	2
X_CO2_t	0
X_GLC_t	0
X_H_t	1
X_H2O_t	0
X_K_t	1
X_Mg_t	2
X_NH4_t	1
X_O2_t	0
X_Photon_t	0
X_Pi_t	-2
X_SO4_t	-2
X_Sucrose_t	0
Xylan_b	0
XYLAN_c	0
XYLULOSE-5-PHOSPHATE_c	-2
XYLULOSE-5-PHOSPHATE_p	-2
CPD-318_p	-1
KI_e	1
KI_c	1
KI_v	1
CAII_e	2
Cytochromes_C_Reduced_mi	2
Cytochromes_C_Oxidized_mi	3
aPHYTYL_PYROPHOSPHATE_p	-2
aFUM_v	-1
